Rk,Team,Games Played,Points Allowed,Total Yards,Total Plays,Yards Per Play,Total Turnovers,Total Fumbles Lost,1st Downs,Completions,Passing Attempts,Passing Yards,Passing Touchdowns,Interceptions,Net Yards Per Pass Attempt,1st Downs Passing,Rushing Attempts,Rushing Yards,Rushing Touchdowns,Rushing Yards Per Attempt,1st Downs Rushing,Penalties,Penalty Yards,1st Downs by Penalty,Scoring Percentage,Turnover Percentage,Expected Points,Year,Side,Points For
1.0,Buffalo Bills,17.0,289.0,4637.0,1014.0,4.6,30.0,11.0,285.0,297.0,530.0,2771.0,12.0,19.0,4.8,138.0,442.0,1866.0,19.0,4.2,108.0,102.0,844.0,39.0,28.0,14.5,36.13,2021,Defense,
2.0,New England Patriots,17.0,303.0,5284.0,1038.0,5.1,30.0,7.0,308.0,319.0,538.0,3181.0,21.0,23.0,5.5,176.0,464.0,2103.0,9.0,4.5,111.0,100.0,831.0,21.0,29.4,16.9,-4.84,2021,Defense,
3.0,Denver Broncos,17.0,322.0,5544.0,1039.0,5.3,19.0,6.0,312.0,341.0,562.0,3652.0,22.0,13.0,6.1,192.0,441.0,1892.0,9.0,4.3,99.0,104.0,922.0,21.0,32.7,10.7,-36.14,2021,Defense,
4.0,New Orleans Saints,17.0,335.0,5410.0,1064.0,5.1,25.0,7.0,304.0,369.0,592.0,3821.0,20.0,18.0,6.0,185.0,426.0,1589.0,12.0,3.7,84.0,89.0,761.0,35.0,32.3,12.8,43.03,2021,Defense,
5.0,Tampa Bay Buccaneers,17.0,353.0,5635.0,1093.0,5.2,29.0,12.0,344.0,445.0,680.0,4062.0,26.0,17.0,5.6,214.0,366.0,1573.0,11.0,4.3,94.0,79.0,635.0,36.0,33.5,14.7,-0.6,2021,Defense,
6.0,Tennessee Titans,17.0,354.0,5607.0,1039.0,5.4,22.0,6.0,331.0,395.0,628.0,4169.0,24.0,16.0,6.2,204.0,368.0,1438.0,14.0,3.9,90.0,118.0,1070.0,37.0,37.1,10.8,-30.56,2021,Defense,
7.0,Dallas Cowboys,17.0,358.0,5967.0,1082.0,5.5,34.0,8.0,327.0,364.0,612.0,4049.0,24.0,26.0,6.2,191.0,429.0,1918.0,13.0,4.5,99.0,121.0,973.0,37.0,32.5,16.7,21.81,2021,Defense,
8.0,Kansas City Chiefs,17.0,364.0,6272.0,1060.0,5.9,29.0,14.0,363.0,401.0,610.0,4273.0,27.0,15.0,6.7,209.0,419.0,1999.0,15.0,4.8,121.0,116.0,911.0,33.0,37.3,16.0,-131.68,2021,Defense,
9.0,San Francisco 49ers,17.0,365.0,5270.0,1032.0,5.1,20.0,11.0,318.0,372.0,545.0,3510.0,25.0,9.0,5.9,180.0,439.0,1760.0,17.0,4.0,97.0,94.0,793.0,41.0,34.4,9.3,-52.77,2021,Defense,
10.0,Indianapolis Colts,17.0,365.0,5834.0,1050.0,5.6,33.0,14.0,334.0,390.0,597.0,3980.0,32.0,19.0,6.3,213.0,420.0,1854.0,10.0,4.4,101.0,109.0,978.0,20.0,35.4,17.1,-49.31,2021,Defense,
11.0,Arizona Cardinals,17.0,366.0,5597.0,1028.0,5.4,27.0,14.0,336.0,367.0,561.0,3645.0,30.0,13.0,6.1,192.0,426.0,1952.0,10.0,4.6,109.0,100.0,896.0,35.0,35.6,15.3,-19.46,2021,Defense,
12.0,Seattle Seahawks,17.0,366.0,6445.0,1201.0,5.4,18.0,7.0,400.0,443.0,658.0,4513.0,24.0,11.0,6.5,240.0,509.0,1932.0,16.0,3.8,124.0,96.0,919.0,36.0,35.4,8.5,-97.48,2021,Defense,
13.0,Green Bay Packers,17.0,371.0,5579.0,1037.0,5.4,26.0,8.0,337.0,379.0,603.0,3724.0,31.0,18.0,5.8,194.0,395.0,1855.0,13.0,4.7,120.0,88.0,718.0,23.0,36.6,14.0,-55.57,2021,Defense,
14.0,Cleveland Browns,17.0,371.0,5296.0,1056.0,5.0,19.0,6.0,327.0,367.0,576.0,3439.0,29.0,13.0,5.6,184.0,437.0,1857.0,13.0,4.2,108.0,98.0,882.0,35.0,37.4,9.9,-54.54,2021,Defense,
15.0,Los Angeles Rams,17.0,372.0,5863.0,1118.0,5.2,25.0,6.0,347.0,416.0,625.0,4109.0,17.0,19.0,6.1,214.0,443.0,1754.0,18.0,4.0,111.0,88.0,688.0,22.0,35.9,13.3,-17.07,2021,Defense,
16.0,Miami Dolphins,17.0,373.0,5738.0,1081.0,5.3,26.0,12.0,337.0,373.0,608.0,3871.0,23.0,14.0,5.9,199.0,425.0,1867.0,16.0,4.4,106.0,109.0,991.0,32.0,36.3,13.0,-16.12,2021,Defense,
17.0,Cincinnati Bengals,17.0,376.0,5964.0,1075.0,5.5,21.0,8.0,339.0,420.0,626.0,4222.0,26.0,13.0,6.3,213.0,407.0,1742.0,15.0,4.3,107.0,116.0,946.0,19.0,33.9,11.1,-45.38,2021,Defense,
18.0,Philadelphia Eagles,17.0,385.0,5590.0,1076.0,5.2,16.0,4.0,358.0,409.0,589.0,3756.0,28.0,12.0,6.1,208.0,458.0,1834.0,18.0,4.0,115.0,92.0,824.0,35.0,37.2,8.9,-73.93,2021,Defense,
19.0,Baltimore Ravens,17.0,392.0,6178.0,1033.0,6.0,15.0,6.0,340.0,397.0,621.0,4742.0,31.0,9.0,7.2,232.0,378.0,1436.0,13.0,3.8,81.0,98.0,882.0,27.0,34.2,7.9,-107.49,2021,Defense,
20.0,Pittsburgh Steelers,17.0,398.0,6139.0,1116.0,5.5,22.0,9.0,354.0,355.0,563.0,3656.0,24.0,13.0,5.9,186.0,498.0,2483.0,17.0,5.0,144.0,123.0,1017.0,24.0,38.7,10.8,-55.8,2021,Defense,
21.0,Carolina Panthers,17.0,404.0,5201.0,1028.0,5.1,16.0,7.0,311.0,337.0,515.0,3266.0,26.0,9.0,5.9,170.0,474.0,1935.0,16.0,4.1,112.0,108.0,896.0,29.0,37.6,8.1,-9.14,2021,Defense,
22.0,Chicago Bears,17.0,407.0,5384.0,1009.0,5.3,16.0,8.0,321.0,314.0,477.0,3257.0,31.0,8.0,6.2,170.0,483.0,2127.0,14.0,4.4,116.0,93.0,856.0,35.0,40.4,8.4,-77.49,2021,Defense,
23.0,New York Giants,17.0,416.0,6032.0,1137.0,5.3,22.0,7.0,365.0,402.0,611.0,3839.0,27.0,15.0,6.0,216.0,492.0,2193.0,15.0,4.5,126.0,107.0,814.0,23.0,41.3,12.0,-76.83,2021,Defense,
24.0,Minnesota Vikings,17.0,426.0,6522.0,1152.0,5.7,24.0,8.0,391.0,401.0,626.0,4300.0,29.0,16.0,6.4,224.0,475.0,2222.0,15.0,4.7,131.0,93.0,786.0,36.0,40.2,11.9,-86.3,2021,Defense,
25.0,Washington Football Team,17.0,434.0,6108.0,1065.0,5.7,19.0,8.0,346.0,400.0,597.0,4333.0,34.0,11.0,6.8,220.0,430.0,1775.0,14.0,4.1,101.0,96.0,803.0,25.0,42.4,10.7,-125.4,2021,Defense,
26.0,Las Vegas Raiders,17.0,439.0,5732.0,1103.0,5.2,15.0,9.0,349.0,400.0,606.0,3789.0,29.0,6.0,5.9,202.0,462.0,1943.0,18.0,4.2,109.0,99.0,1021.0,38.0,41.6,7.3,-138.31,2021,Defense,
27.0,Houston Texans,17.0,452.0,6535.0,1101.0,5.9,25.0,8.0,382.0,363.0,546.0,4117.0,27.0,17.0,7.1,218.0,523.0,2418.0,25.0,4.6,135.0,89.0,790.0,29.0,42.9,12.2,-143.17,2021,Defense,
28.0,Jacksonville Jaguars,17.0,457.0,6002.0,1068.0,5.6,9.0,2.0,351.0,377.0,543.0,3875.0,24.0,7.0,6.7,198.0,493.0,2127.0,22.0,4.3,124.0,104.0,879.0,29.0,45.3,5.2,-154.57,2021,Defense,
29.0,Atlanta Falcons,17.0,459.0,6194.0,1114.0,5.6,20.0,8.0,383.0,391.0,577.0,3952.0,31.0,12.0,6.6,214.0,519.0,2242.0,19.0,4.3,143.0,118.0,956.0,26.0,44.7,11.2,-136.74,2021,Defense,
30.0,Los Angeles Chargers,17.0,459.0,6122.0,1103.0,5.6,21.0,10.0,383.0,357.0,559.0,3761.0,27.0,11.0,6.3,199.0,509.0,2361.0,22.0,4.6,144.0,99.0,835.0,40.0,45.3,11.2,-122.86,2021,Defense,
31.0,Detroit Lions,17.0,467.0,6456.0,1092.0,5.9,19.0,8.0,372.0,359.0,544.0,4160.0,31.0,11.0,7.2,211.0,518.0,2296.0,19.0,4.4,135.0,87.0,818.0,26.0,47.8,10.6,-176.03,2021,Defense,
32.0,New York Jets,17.0,504.0,6760.0,1145.0,5.9,14.0,7.0,401.0,401.0,587.0,4409.0,28.0,7.0,7.1,234.0,525.0,2351.0,28.0,4.5,129.0,84.0,814.0,38.0,48.9,7.4,-193.85,2021,Defense,
1.0,Los Angeles Chargers,17.0,301.0,5514.0,1037.0,5.3,21.0,6.0,311.0,367.0,565.0,3517.0,24.0,15.0,5.8,170.0,426.0,1997.0,7.0,4.7,108.0,101.0,869.0,33.0,32.6,11.6,-12.31,2024,Defense,
2.0,Philadelphia Eagles,17.0,303.0,4732.0,999.0,4.7,26.0,13.0,293.0,337.0,542.0,2961.0,22.0,13.0,5.1,160.0,416.0,1771.0,9.0,4.3,108.0,85.0,694.0,25.0,31.6,14.1,76.38,2024,Defense,
3.0,Denver Broncos,17.0,311.0,5391.0,1093.0,4.9,25.0,10.0,327.0,393.0,606.0,3752.0,22.0,15.0,5.6,203.0,424.0,1639.0,10.0,3.9,82.0,101.0,723.0,42.0,31.6,12.4,34.83,2024,Defense,
4.0,Kansas City Chiefs,17.0,326.0,5451.0,1026.0,5.3,20.0,7.0,328.0,375.0,569.0,3720.0,24.0,13.0,6.1,191.0,418.0,1731.0,13.0,4.1,112.0,107.0,849.0,25.0,36.5,11.4,-74.11,2024,Defense,
5.0,Minnesota Vikings,17.0,332.0,5702.0,1078.0,5.3,33.0,9.0,325.0,415.0,637.0,4114.0,24.0,24.0,6.0,218.0,392.0,1588.0,12.0,4.1,83.0,141.0,1185.0,24.0,31.6,16.6,35.95,2024,Defense,
6.0,Green Bay Packers,17.0,338.0,5347.0,1036.0,5.2,31.0,14.0,327.0,381.0,565.0,3658.0,23.0,17.0,6.0,200.0,426.0,1689.0,13.0,4.0,104.0,114.0,940.0,23.0,33.0,16.2,10.82,2024,Defense,
7.0,Detroit Lions,17.0,342.0,5820.0,1016.0,5.7,24.0,8.0,331.0,373.0,610.0,4148.0,18.0,16.0,6.4,198.0,369.0,1672.0,18.0,4.5,86.0,114.0,862.0,47.0,35.4,13.3,-58.06,2024,Defense,
8.0,Pittsburgh Steelers,17.0,347.0,5554.0,1034.0,5.4,33.0,16.0,324.0,382.0,582.0,3876.0,23.0,17.0,6.2,193.0,412.0,1678.0,14.0,4.1,108.0,125.0,1039.0,23.0,34.6,15.9,-34.89,2024,Defense,
9.0,Baltimore Ravens,17.0,361.0,5511.0,1062.0,5.2,17.0,5.0,330.0,396.0,625.0,4150.0,27.0,12.0,6.1,218.0,383.0,1361.0,12.0,3.6,69.0,97.0,759.0,43.0,36.6,9.1,-49.44,2024,Defense,
10.0,Miami Dolphins,17.0,364.0,5345.0,1012.0,5.3,16.0,6.0,314.0,365.0,572.0,3582.0,22.0,10.0,5.9,190.0,405.0,1763.0,12.0,4.4,97.0,125.0,1030.0,27.0,38.7,8.8,-5.7,2024,Defense,
11.0,Buffalo Bills,17.0,368.0,5806.0,1052.0,5.5,32.0,16.0,356.0,396.0,578.0,3843.0,28.0,16.0,6.2,217.0,435.0,1963.0,13.0,4.5,109.0,127.0,1016.0,30.0,36.3,17.5,-76.45,2024,Defense,
12.0,Seattle Seahawks,17.0,368.0,5656.0,1065.0,5.3,18.0,5.0,329.0,371.0,569.0,3603.0,26.0,13.0,5.9,193.0,451.0,2053.0,11.0,4.6,107.0,121.0,958.0,29.0,34.0,9.3,-11.4,2024,Defense,
13.0,Chicago Bears,17.0,370.0,6022.0,1028.0,5.9,24.0,13.0,326.0,325.0,503.0,3705.0,17.0,11.0,6.8,177.0,485.0,2317.0,20.0,4.8,129.0,107.0,794.0,20.0,40.5,13.0,-53.66,2024,Defense,
14.0,Houston Texans,17.0,372.0,5355.0,1050.0,5.1,29.0,10.0,313.0,326.0,554.0,3417.0,31.0,19.0,5.7,172.0,447.0,1938.0,11.0,4.3,107.0,106.0,798.0,34.0,35.2,14.0,20.49,2024,Defense,
15.0,Arizona Cardinals,17.0,379.0,5823.0,1045.0,5.6,17.0,8.0,344.0,370.0,539.0,3674.0,20.0,9.0,6.3,200.0,465.0,2149.0,18.0,4.6,124.0,100.0,803.0,20.0,43.1,9.6,-110.14,2024,Defense,
16.0,Tampa Bay Buccaneers,17.0,385.0,5810.0,1065.0,5.5,18.0,11.0,336.0,418.0,630.0,4147.0,27.0,7.0,6.1,212.0,389.0,1663.0,13.0,4.3,94.0,96.0,897.0,30.0,40.1,8.8,-87.52,2024,Defense,
17.0,Los Angeles Rams,17.0,386.0,6003.0,1057.0,5.7,20.0,7.0,342.0,354.0,542.0,3793.0,29.0,13.0,6.5,196.0,477.0,2210.0,13.0,4.6,117.0,113.0,948.0,29.0,42.9,10.6,-86.46,2024,Defense,
18.0,Washington Commanders,17.0,391.0,5558.0,1029.0,5.4,17.0,10.0,335.0,307.0,496.0,3221.0,25.0,7.0,6.0,175.0,490.0,2337.0,18.0,4.8,122.0,105.0,849.0,38.0,41.5,8.8,-147.39,2024,Defense,
19.0,New Orleans Saints,17.0,398.0,6459.0,1119.0,5.8,17.0,3.0,354.0,366.0,591.0,4055.0,19.0,14.0,6.4,194.0,489.0,2404.0,20.0,4.9,133.0,115.0,959.0,27.0,39.3,9.3,-107.32,2024,Defense,
20.0,New York Jets,17.0,404.0,5334.0,1068.0,5.0,17.0,10.0,347.0,327.0,521.0,3275.0,18.0,7.0,5.8,171.0,504.0,2059.0,22.0,4.1,129.0,104.0,989.0,47.0,44.6,8.6,-93.24,2024,Defense,
21.0,New York Giants,17.0,415.0,5896.0,1051.0,5.6,15.0,10.0,331.0,349.0,503.0,3580.0,23.0,5.0,6.5,177.0,503.0,2316.0,18.0,4.6,129.0,106.0,870.0,25.0,38.7,8.3,-97.6,2024,Defense,
22.0,New England Patriots,17.0,417.0,5829.0,1068.0,5.5,12.0,5.0,348.0,346.0,533.0,3596.0,27.0,7.0,6.4,189.0,507.0,2233.0,16.0,4.4,127.0,100.0,772.0,32.0,42.8,5.8,-133.48,2024,Defense,
23.0,Atlanta Falcons,17.0,423.0,5868.0,1067.0,5.5,18.0,6.0,347.0,404.0,578.0,3817.0,34.0,12.0,6.3,200.0,458.0,2051.0,11.0,4.5,131.0,122.0,964.0,16.0,43.7,9.8,-85.85,2024,Defense,
24.0,Indianapolis Colts,17.0,427.0,6140.0,1112.0,5.5,25.0,9.0,343.0,378.0,545.0,3899.0,27.0,16.0,6.7,191.0,531.0,2241.0,18.0,4.2,127.0,92.0,862.0,25.0,38.3,12.8,-73.33,2024,Defense,
25.0,Cincinnati Bengals,17.0,434.0,5921.0,1088.0,5.4,25.0,10.0,361.0,372.0,573.0,3799.0,30.0,15.0,6.2,192.0,479.0,2122.0,20.0,4.4,137.0,101.0,826.0,32.0,39.3,12.6,-101.94,2024,Defense,
26.0,Las Vegas Raiders,17.0,434.0,5663.0,1053.0,5.4,13.0,3.0,323.0,370.0,561.0,3676.0,29.0,10.0,6.1,194.0,454.0,1987.0,14.0,4.4,102.0,117.0,852.0,27.0,42.6,7.1,-69.33,2024,Defense,
27.0,Cleveland Browns,17.0,435.0,5816.0,1040.0,5.6,12.0,8.0,303.0,316.0,511.0,3611.0,26.0,4.0,6.5,176.0,488.0,2205.0,22.0,4.5,108.0,108.0,890.0,19.0,33.3,5.3,-61.95,2024,Defense,
28.0,Jacksonville Jaguars,17.0,435.0,6629.0,1125.0,5.9,9.0,3.0,389.0,389.0,580.0,4375.0,29.0,6.0,7.1,219.0,511.0,2254.0,19.0,4.4,137.0,105.0,808.0,33.0,45.6,4.4,-165.95,2024,Defense,
29.0,San Francisco 49ers,17.0,436.0,5396.0,1029.0,5.2,17.0,6.0,320.0,338.0,516.0,3278.0,25.0,11.0,5.9,181.0,476.0,2118.0,24.0,4.4,118.0,79.0,624.0,21.0,44.4,9.0,-88.77,2024,Defense,
30.0,Tennessee Titans,17.0,460.0,5291.0,1008.0,5.2,18.0,7.0,314.0,314.0,473.0,3014.0,27.0,11.0,6.0,157.0,503.0,2277.0,21.0,4.5,118.0,120.0,988.0,39.0,40.4,8.7,-90.11,2024,Defense,
31.0,Dallas Cowboys,17.0,468.0,6039.0,1046.0,5.8,22.0,9.0,342.0,349.0,512.0,3708.0,28.0,13.0,6.6,175.0,482.0,2331.0,25.0,4.8,141.0,132.0,1019.0,26.0,42.9,11.0,-117.02,2024,Defense,
32.0,Carolina Panthers,17.0,534.0,6877.0,1154.0,6.0,17.0,8.0,417.0,360.0,530.0,3820.0,35.0,9.0,6.8,205.0,592.0,3057.0,24.0,5.2,179.0,120.0,977.0,33.0,51.4,8.6,-220.48,2024,Defense,
1.0,Green Bay Packers,16.0,,6224.0,990.0,6.3,11.0,6.0,358.0,372.0,526.0,4106.0,48.0,5.0,7.5,216.0,443.0,2118.0,16.0,4.8,114.0,84.0,684.0,28.0,49.7,5.6,290.75,2020,Offense,509.0
2.0,Buffalo Bills,16.0,,6343.0,1034.0,6.1,22.0,11.0,397.0,410.0,596.0,4620.0,40.0,11.0,7.4,240.0,411.0,1723.0,16.0,4.2,119.0,102.0,941.0,38.0,49.4,11.8,228.66,2020,Offense,501.0
3.0,Tampa Bay Buccaneers,16.0,,6145.0,1017.0,6.0,17.0,5.0,364.0,410.0,626.0,4626.0,42.0,12.0,7.1,238.0,369.0,1519.0,16.0,4.1,82.0,84.0,715.0,44.0,47.8,8.9,246.24,2020,Offense,492.0
4.0,Tennessee Titans,16.0,,6343.0,1031.0,6.2,12.0,5.0,381.0,316.0,485.0,3653.0,33.0,7.0,7.2,203.0,521.0,2690.0,26.0,5.2,142.0,86.0,783.0,36.0,47.9,7.2,245.01,2020,Offense,491.0
5.0,New Orleans Saints,16.0,,6023.0,1045.0,5.8,17.0,9.0,367.0,370.0,522.0,3758.0,28.0,8.0,6.8,199.0,494.0,2265.0,30.0,4.6,147.0,98.0,1005.0,21.0,45.5,9.0,176.94,2020,Offense,482.0
6.0,Kansas City Chiefs,16.0,,6653.0,1057.0,6.3,16.0,9.0,397.0,420.0,630.0,4854.0,40.0,7.0,7.4,255.0,403.0,1799.0,13.0,4.5,110.0,105.0,919.0,32.0,47.9,9.2,280.82,2020,Offense,473.0
7.0,Baltimore Ravens,16.0,,5810.0,993.0,5.9,18.0,7.0,327.0,257.0,406.0,2739.0,27.0,11.0,6.3,142.0,555.0,3071.0,24.0,5.5,166.0,104.0,961.0,19.0,45.3,10.6,148.3,2020,Offense,468.0
8.0,Seattle Seahawks,16.0,,5912.0,1022.0,5.8,18.0,5.0,356.0,388.0,563.0,3941.0,40.0,13.0,6.5,216.0,411.0,1971.0,15.0,4.8,111.0,84.0,662.0,29.0,44.4,10.1,129.24,2020,Offense,459.0
9.0,Indianapolis Colts,16.0,,6049.0,1032.0,5.9,15.0,4.0,364.0,371.0,552.0,4053.0,24.0,11.0,7.1,201.0,459.0,1996.0,20.0,4.3,129.0,94.0,899.0,34.0,44.4,8.8,168.41,2020,Offense,451.0
10.0,Las Vegas Raiders,16.0,,6133.0,1036.0,5.9,26.0,16.0,359.0,369.0,551.0,4217.0,28.0,10.0,7.3,206.0,457.0,1916.0,20.0,4.2,121.0,98.0,856.0,32.0,47.9,14.8,147.62,2020,Offense,434.0
11.0,Minnesota Vikings,16.0,,6292.0,1023.0,6.2,23.0,10.0,383.0,349.0,516.0,4009.0,35.0,13.0,7.2,212.0,468.0,2283.0,20.0,4.9,139.0,82.0,650.0,32.0,39.8,12.5,157.7,2020,Offense,430.0
12.0,Pittsburgh Steelers,16.0,,5354.0,1043.0,5.1,18.0,7.0,322.0,428.0,656.0,4003.0,35.0,11.0,6.0,206.0,373.0,1351.0,12.0,3.6,81.0,81.0,691.0,35.0,37.2,8.5,78.22,2020,Offense,416.0
13.0,Arizona Cardinals,16.0,,6153.0,1083.0,5.7,21.0,8.0,381.0,387.0,575.0,3916.0,27.0,13.0,6.5,211.0,479.0,2237.0,22.0,4.7,136.0,113.0,868.0,34.0,40.2,11.7,103.62,2020,Offense,410.0
14.0,Cleveland Browns,16.0,,5913.0,1022.0,5.8,16.0,8.0,355.0,315.0,501.0,3539.0,27.0,8.0,6.7,195.0,495.0,2374.0,21.0,4.8,133.0,100.0,870.0,27.0,40.6,9.7,159.48,2020,Offense,408.0
15.0,Miami Dolphins,16.0,,5424.0,1021.0,5.3,20.0,7.0,345.0,370.0,559.0,3736.0,24.0,13.0,6.3,207.0,428.0,1688.0,15.0,3.9,100.0,74.0,635.0,38.0,41.4,11.0,61.96,2020,Offense,404.0
16.0,Atlanta Falcons,16.0,,5895.0,1078.0,5.5,18.0,7.0,366.0,408.0,628.0,4363.0,27.0,11.0,6.5,243.0,409.0,1532.0,13.0,3.7,86.0,83.0,736.0,37.0,44.8,10.3,129.77,2020,Offense,396.0
17.0,Dallas Cowboys,16.0,,5949.0,1113.0,5.3,26.0,13.0,371.0,413.0,639.0,4161.0,25.0,13.0,6.1,231.0,430.0,1788.0,14.0,4.2,115.0,96.0,849.0,25.0,40.6,14.4,58.97,2020,Offense,395.0
18.0,Houston Texans,16.0,,6004.0,940.0,6.4,18.0,11.0,326.0,383.0,546.0,4538.0,33.0,7.0,7.6,222.0,344.0,1466.0,10.0,4.3,83.0,80.0,619.0,21.0,42.9,9.8,140.22,2020,Offense,384.0
19.0,Los Angeles Chargers,16.0,,6113.0,1127.0,5.4,16.0,6.0,373.0,413.0,627.0,4329.0,31.0,10.0,6.5,226.0,466.0,1784.0,12.0,3.8,111.0,85.0,710.0,36.0,38.3,8.6,129.6,2020,Offense,384.0
20.0,Detroit Lions,16.0,,5603.0,991.0,5.7,21.0,8.0,350.0,374.0,582.0,4104.0,27.0,13.0,6.6,220.0,367.0,1499.0,17.0,4.1,93.0,95.0,860.0,37.0,38.5,11.2,94.78,2020,Offense,377.0
21.0,San Francisco 49ers,16.0,,5922.0,1046.0,5.7,31.0,14.0,350.0,371.0,570.0,4033.0,25.0,17.0,6.6,217.0,437.0,1889.0,19.0,4.3,101.0,85.0,731.0,32.0,36.3,14.8,55.7,2020,Offense,376.0
22.0,Los Angeles Rams,16.0,,6032.0,1088.0,5.5,25.0,11.0,352.0,392.0,590.0,4014.0,20.0,14.0,6.5,206.0,473.0,2018.0,19.0,4.3,123.0,71.0,655.0,23.0,34.2,12.5,57.24,2020,Offense,372.0
23.0,Chicago Bears,16.0,,5302.0,1043.0,5.1,22.0,6.0,335.0,402.0,614.0,3655.0,26.0,16.0,5.6,218.0,393.0,1647.0,12.0,4.2,93.0,88.0,777.0,24.0,38.9,12.0,34.92,2020,Offense,372.0
24.0,Carolina Panthers,16.0,,5592.0,993.0,5.6,21.0,5.0,335.0,373.0,550.0,3888.0,16.0,16.0,6.6,192.0,407.0,1704.0,19.0,4.2,110.0,95.0,752.0,33.0,40.3,13.2,81.2,2020,Offense,350.0
25.0,Washington Football Team,16.0,,5076.0,1051.0,4.8,27.0,11.0,322.0,389.0,601.0,3465.0,16.0,16.0,5.3,184.0,400.0,1611.0,18.0,4.0,108.0,87.0,697.0,30.0,33.3,13.1,-10.43,2020,Offense,335.0
26.0,Philadelphia Eagles,16.0,,5354.0,1066.0,5.0,29.0,9.0,336.0,334.0,598.0,3327.0,22.0,20.0,5.0,177.0,403.0,2027.0,16.0,5.0,114.0,107.0,853.0,45.0,27.9,15.3,-13.65,2020,Offense,334.0
27.0,New England Patriots,16.0,,5236.0,979.0,5.3,19.0,5.0,332.0,283.0,440.0,2890.0,12.0,14.0,6.1,157.0,502.0,2346.0,20.0,4.7,143.0,62.0,534.0,32.0,36.9,12.1,55.88,2020,Offense,326.0
28.0,Denver Broncos,16.0,,5369.0,1030.0,5.2,32.0,9.0,308.0,317.0,556.0,3451.0,21.0,23.0,5.9,176.0,442.0,1918.0,13.0,4.3,94.0,81.0,670.0,38.0,33.0,17.0,-21.82,2020,Offense,323.0
29.0,Cincinnati Bengals,16.0,,5116.0,1040.0,4.9,24.0,13.0,318.0,372.0,581.0,3448.0,19.0,11.0,5.5,201.0,411.0,1668.0,13.0,4.1,92.0,83.0,675.0,25.0,33.0,12.8,-5.13,2020,Offense,311.0
30.0,Jacksonville Jaguars,16.0,,5218.0,997.0,5.2,25.0,9.0,310.0,387.0,616.0,3699.0,25.0,16.0,5.6,205.0,337.0,1519.0,9.0,4.5,80.0,107.0,1071.0,25.0,30.4,14.0,-6.12,2020,Offense,306.0
31.0,New York Giants,16.0,,4794.0,966.0,5.0,22.0,11.0,297.0,321.0,517.0,3026.0,12.0,11.0,5.3,178.0,399.0,1768.0,13.0,4.4,91.0,81.0,634.0,28.0,33.5,12.6,-26.79,2020,Offense,280.0
32.0,New York Jets,16.0,,4479.0,948.0,4.7,19.0,5.0,269.0,292.0,499.0,2796.0,16.0,14.0,5.2,146.0,406.0,1683.0,9.0,4.1,94.0,101.0,952.0,29.0,26.3,10.9,-59.07,2020,Offense,243.0
1.0,Dallas Cowboys,17.0,,6317.0,1122.0,5.6,16.0,6.0,385.0,428.0,614.0,4397.0,36.0,10.0,6.7,229.0,468.0,1920.0,14.0,4.1,113.0,115.0,964.0,43.0,50.3,8.9,192.72,2023,Offense,509.0
2.0,Miami Dolphins,17.0,,6822.0,1053.0,6.5,25.0,10.0,360.0,393.0,566.0,4514.0,30.0,15.0,7.6,223.0,456.0,2308.0,27.0,5.1,113.0,97.0,767.0,24.0,43.5,13.4,128.9,2023,Offense,496.0
3.0,San Francisco 49ers,17.0,,6773.0,1024.0,6.6,18.0,6.0,383.0,336.0,491.0,4384.0,33.0,12.0,8.4,207.0,499.0,2389.0,27.0,4.8,147.0,101.0,933.0,29.0,45.3,10.1,268.6,2023,Offense,491.0
4.0,Baltimore Ravens,17.0,,6296.0,1076.0,5.9,19.0,12.0,360.0,328.0,494.0,3635.0,27.0,7.0,6.8,180.0,541.0,2661.0,26.0,4.9,145.0,102.0,955.0,35.0,43.1,9.6,138.81,2023,Offense,483.0
5.0,Detroit Lions,17.0,,6712.0,1137.0,5.9,23.0,11.0,375.0,408.0,606.0,4401.0,30.0,12.0,6.9,228.0,500.0,2311.0,27.0,4.6,124.0,97.0,843.0,23.0,40.6,11.8,191.13,2023,Offense,461.0
6.0,Buffalo Bills,17.0,,6366.0,1115.0,5.7,28.0,10.0,381.0,385.0,579.0,4154.0,29.0,18.0,6.9,199.0,512.0,2212.0,22.0,4.3,158.0,106.0,883.0,24.0,41.4,14.9,197.57,2023,Offense,451.0
7.0,Philadelphia Eagles,17.0,,6024.0,1112.0,5.4,28.0,12.0,377.0,369.0,563.0,3834.0,24.0,16.0,6.4,197.0,510.0,2190.0,22.0,4.3,149.0,95.0,785.0,31.0,42.9,15.3,100.97,2023,Offense,433.0
8.0,Los Angeles Rams,17.0,,6108.0,1094.0,5.6,18.0,5.0,351.0,361.0,583.0,4063.0,26.0,13.0,6.6,206.0,477.0,2045.0,18.0,4.3,110.0,89.0,720.0,35.0,41.1,9.2,133.32,2023,Offense,404.0
9.0,New Orleans Saints,17.0,,5732.0,1121.0,5.1,18.0,7.0,337.0,406.0,606.0,3990.0,28.0,11.0,6.2,199.0,480.0,1742.0,13.0,3.6,112.0,96.0,846.0,26.0,36.6,8.2,46.88,2023,Offense,402.0
10.0,Indianapolis Colts,17.0,,5725.0,1094.0,5.2,22.0,12.0,324.0,355.0,574.0,3666.0,18.0,10.0,6.0,178.0,479.0,2059.0,19.0,4.3,113.0,95.0,685.0,33.0,35.7,9.2,30.12,2023,Offense,396.0
11.0,Cleveland Browns,17.0,,5710.0,1187.0,4.8,37.0,14.0,325.0,355.0,624.0,3693.0,24.0,23.0,5.5,173.0,518.0,2017.0,15.0,3.9,121.0,115.0,897.0,31.0,32.9,16.2,-110.55,2023,Offense,396.0
12.0,Green Bay Packers,17.0,,5873.0,1052.0,5.6,18.0,7.0,338.0,374.0,581.0,3968.0,32.0,11.0,6.5,211.0,441.0,1905.0,10.0,4.3,101.0,105.0,856.0,26.0,39.7,9.2,156.77,2023,Offense,383.0
13.0,Houston Texans,17.0,,5820.0,1083.0,5.4,14.0,6.0,329.0,372.0,592.0,4173.0,27.0,8.0,6.5,215.0,444.0,1647.0,10.0,3.7,84.0,114.0,937.0,30.0,37.2,7.3,44.11,2023,Offense,377.0
14.0,Jacksonville Jaguars,17.0,,5772.0,1114.0,5.2,30.0,16.0,336.0,412.0,620.0,4126.0,22.0,14.0,6.2,199.0,453.0,1646.0,17.0,3.6,98.0,83.0,644.0,39.0,35.4,14.9,13.64,2023,Offense,377.0
15.0,Kansas City Chiefs,17.0,,5972.0,1080.0,5.5,28.0,11.0,350.0,421.0,635.0,4188.0,28.0,17.0,6.3,216.0,417.0,1784.0,9.0,4.3,107.0,96.0,845.0,27.0,39.3,14.6,87.96,2023,Offense,371.0
16.0,Cincinnati Bengals,17.0,,5422.0,1048.0,5.2,16.0,2.0,329.0,420.0,615.0,3895.0,27.0,14.0,5.9,208.0,383.0,1527.0,12.0,4.0,90.0,76.0,614.0,31.0,34.6,8.5,41.53,2023,Offense,366.0
17.0,Seattle Seahawks,17.0,,5490.0,995.0,5.5,17.0,5.0,317.0,371.0,575.0,3910.0,23.0,12.0,6.4,189.0,382.0,1580.0,11.0,4.1,93.0,111.0,954.0,35.0,38.8,8.4,62.33,2023,Offense,364.0
18.0,Chicago Bears,17.0,,5495.0,1097.0,5.0,25.0,10.0,322.0,321.0,513.0,3096.0,19.0,15.0,5.5,169.0,534.0,2399.0,16.0,4.5,137.0,99.0,853.0,16.0,38.0,13.0,-10.73,2023,Offense,360.0
19.0,Denver Broncos,17.0,,5072.0,1016.0,5.0,22.0,13.0,301.0,337.0,513.0,3262.0,28.0,9.0,5.8,154.0,451.0,1810.0,8.0,4.0,116.0,99.0,749.0,31.0,34.9,10.6,7.68,2023,Offense,357.0
20.0,Tampa Bay Buccaneers,17.0,,5321.0,1047.0,5.1,18.0,8.0,300.0,364.0,568.0,3812.0,28.0,10.0,6.3,188.0,439.0,1509.0,8.0,3.4,79.0,100.0,751.0,33.0,35.5,9.8,57.3,2023,Offense,348.0
21.0,Los Angeles Chargers,17.0,,5599.0,1106.0,5.1,21.0,13.0,319.0,409.0,632.0,3957.0,24.0,8.0,5.9,204.0,431.0,1642.0,11.0,3.8,89.0,79.0,725.0,26.0,34.7,10.5,-5.38,2023,Offense,346.0
22.0,Minnesota Vikings,17.0,,5912.0,1071.0,5.5,34.0,15.0,340.0,424.0,631.0,4359.0,30.0,19.0,6.4,220.0,393.0,1553.0,7.0,4.0,79.0,89.0,670.0,41.0,34.1,18.4,42.62,2023,Offense,344.0
23.0,Las Vegas Raiders,17.0,,4922.0,1010.0,4.9,24.0,6.0,292.0,348.0,557.0,3380.0,20.0,18.0,5.7,182.0,413.0,1542.0,11.0,3.7,83.0,75.0,629.0,27.0,31.8,13.4,-27.95,2023,Offense,332.0
24.0,Arizona Cardinals,17.0,,5509.0,1068.0,5.2,18.0,6.0,330.0,355.0,555.0,3144.0,18.0,12.0,5.3,173.0,471.0,2365.0,17.0,5.0,127.0,101.0,859.0,30.0,35.0,9.4,-2.99,2023,Offense,330.0
25.0,Washington Commanders,17.0,,5317.0,1060.0,5.0,32.0,11.0,321.0,407.0,636.0,3725.0,24.0,21.0,5.3,190.0,359.0,1592.0,14.0,4.4,99.0,87.0,701.0,32.0,29.4,15.2,-29.99,2023,Offense,329.0
26.0,Atlanta Falcons,17.0,,5683.0,1092.0,5.2,28.0,11.0,326.0,327.0,530.0,3524.0,17.0,17.0,6.2,181.0,522.0,2159.0,14.0,4.1,121.0,84.0,743.0,24.0,32.1,14.3,-32.52,2023,Offense,321.0
27.0,Tennessee Titans,17.0,,4913.0,1002.0,4.9,20.0,9.0,298.0,304.0,494.0,3067.0,14.0,11.0,5.5,158.0,444.0,1846.0,16.0,4.2,103.0,110.0,882.0,37.0,32.6,9.4,3.82,2023,Offense,305.0
28.0,Pittsburgh Steelers,17.0,,5173.0,1029.0,5.0,16.0,7.0,287.0,323.0,506.0,3163.0,13.0,9.0,5.8,153.0,487.0,2010.0,16.0,4.1,115.0,86.0,753.0,19.0,29.9,7.7,-16.68,2023,Offense,304.0
29.0,New York Jets,17.0,,4566.0,1053.0,4.3,33.0,18.0,260.0,356.0,601.0,2919.0,11.0,15.0,4.4,156.0,388.0,1647.0,7.0,4.2,77.0,124.0,945.0,27.0,26.0,13.9,-199.77,2023,Offense,268.0
30.0,New York Giants,17.0,,4760.0,1057.0,4.5,19.0,7.0,267.0,338.0,518.0,2886.0,15.0,12.0,4.8,141.0,454.0,1874.0,10.0,4.1,97.0,89.0,711.0,29.0,23.6,8.5,-130.06,2023,Offense,266.0
31.0,New England Patriots,17.0,,4696.0,1020.0,4.6,29.0,8.0,261.0,351.0,557.0,3069.0,16.0,21.0,5.1,153.0,415.0,1627.0,9.0,3.9,93.0,89.0,676.0,15.0,20.2,14.3,-157.57,2023,Offense,236.0
32.0,Carolina Panthers,17.0,,4510.0,1096.0,4.1,20.0,10.0,297.0,350.0,586.0,2741.0,13.0,10.0,4.2,150.0,445.0,1769.0,7.0,4.0,111.0,103.0,845.0,36.0,25.0,11.1,-135.03,2023,Offense,236.0
1.0,San Francisco 49ers,17.0,277.0,5110.0,1026.0,5.0,30.0,10.0,291.0,389.0,593.0,3789.0,20.0,20.0,5.9,188.0,389.0,1321.0,11.0,3.4,77.0,96.0,832.0,26.0,25.7,15.3,56.26,2022,Defense,
2.0,Buffalo Bills,16.0,286.0,5106.0,997.0,5.1,27.0,10.0,313.0,362.0,570.0,3433.0,21.0,17.0,5.6,181.0,387.0,1673.0,10.0,4.3,103.0,89.0,754.0,29.0,31.0,14.3,4.46,2022,Defense,
3.0,Baltimore Ravens,17.0,315.0,5513.0,1047.0,5.3,25.0,11.0,323.0,394.0,593.0,3947.0,20.0,14.0,6.2,206.0,406.0,1566.0,11.0,3.9,91.0,79.0,650.0,26.0,35.8,13.9,-32.38,2022,Defense,
4.0,New York Jets,17.0,316.0,5288.0,1093.0,4.8,16.0,4.0,310.0,347.0,556.0,3220.0,15.0,12.0,5.4,166.0,492.0,2068.0,14.0,4.2,117.0,90.0,707.0,27.0,32.3,8.3,25.96,2022,Defense,
5.0,Cincinnati Bengals,16.0,322.0,5371.0,996.0,5.4,24.0,11.0,295.0,329.0,559.0,3665.0,17.0,13.0,6.2,173.0,407.0,1706.0,12.0,4.2,102.0,100.0,832.0,20.0,36.4,13.1,-20.02,2022,Defense,
6.0,Dallas Cowboys,17.0,342.0,5613.0,1101.0,5.1,33.0,17.0,327.0,345.0,550.0,3415.0,23.0,16.0,5.7,174.0,497.0,2198.0,9.0,4.4,119.0,98.0,851.0,34.0,33.5,16.2,31.77,2022,Defense,
7.0,Washington Commanders,17.0,343.0,5178.0,998.0,5.2,18.0,9.0,286.0,308.0,514.0,3252.0,26.0,9.0,5.8,155.0,441.0,1926.0,10.0,4.4,102.0,85.0,707.0,29.0,31.5,7.6,7.28,2022,Defense,
8.0,Philadelphia Eagles,17.0,344.0,5125.0,1072.0,4.8,27.0,10.0,325.0,350.0,556.0,3057.0,22.0,17.0,4.9,186.0,446.0,2068.0,15.0,4.6,115.0,95.0,798.0,24.0,32.4,15.1,20.73,2022,Defense,
9.0,New Orleans Saints,17.0,345.0,5352.0,1076.0,5.0,14.0,7.0,319.0,322.0,536.0,3134.0,17.0,7.0,5.4,159.0,492.0,2218.0,14.0,4.5,122.0,92.0,798.0,38.0,34.8,7.1,-30.6,2022,Defense,
10.0,Pittsburgh Steelers,17.0,346.0,5617.0,1024.0,5.5,23.0,3.0,314.0,332.0,542.0,3779.0,29.0,20.0,6.5,196.0,442.0,1838.0,7.0,4.2,95.0,96.0,717.0,23.0,37.3,13.0,-47.1,2022,Defense,
11.0,New England Patriots,17.0,347.0,5474.0,1091.0,5.0,30.0,11.0,314.0,364.0,596.0,3681.0,28.0,19.0,5.7,194.0,441.0,1793.0,7.0,4.1,90.0,89.0,699.0,30.0,30.5,14.2,55.35,2022,Defense,
12.0,Jacksonville Jaguars,17.0,350.0,6006.0,1106.0,5.4,27.0,13.0,350.0,385.0,601.0,4055.0,25.0,14.0,6.4,211.0,470.0,1951.0,14.0,4.2,114.0,90.0,683.0,25.0,36.1,14.4,-52.27,2022,Defense,
13.0,Tampa Bay Buccaneers,17.0,358.0,5513.0,1073.0,5.1,20.0,10.0,314.0,364.0,570.0,3461.0,29.0,10.0,5.6,186.0,458.0,2052.0,12.0,4.5,103.0,97.0,863.0,25.0,33.0,10.2,-36.51,2022,Defense,
14.0,Denver Broncos,17.0,359.0,5440.0,1079.0,5.0,23.0,8.0,324.0,392.0,605.0,3574.0,20.0,15.0,5.6,180.0,438.0,1866.0,12.0,4.3,109.0,106.0,922.0,35.0,35.9,10.6,7.24,2022,Defense,
15.0,Tennessee Titans,17.0,359.0,5978.0,1100.0,5.4,20.0,6.0,339.0,439.0,671.0,4671.0,29.0,14.0,6.6,215.0,390.0,1307.0,9.0,3.4,93.0,115.0,836.0,31.0,33.9,10.6,-52.12,2022,Defense,
16.0,Kansas City Chiefs,17.0,369.0,5579.0,1093.0,5.1,20.0,9.0,337.0,408.0,619.0,3756.0,33.0,11.0,5.6,207.0,419.0,1823.0,10.0,4.4,102.0,98.0,734.0,28.0,35.9,10.3,-65.59,2022,Defense,
17.0,Green Bay Packers,17.0,371.0,5721.0,991.0,5.8,24.0,7.0,321.0,314.0,478.0,3349.0,22.0,17.0,6.5,163.0,479.0,2372.0,18.0,5.0,129.0,100.0,916.0,29.0,38.2,13.9,-63.86,2022,Defense,
18.0,New York Giants,17.0,371.0,6089.0,1078.0,5.6,19.0,13.0,370.0,349.0,568.0,3638.0,21.0,6.0,6.0,200.0,469.0,2451.0,16.0,5.2,134.0,111.0,819.0,36.0,39.8,8.8,-125.22,2022,Defense,
19.0,Carolina Panthers,17.0,374.0,5953.0,1103.0,5.4,17.0,7.0,346.0,383.0,580.0,3868.0,25.0,10.0,6.3,194.0,488.0,2085.0,17.0,4.3,125.0,105.0,866.0,27.0,34.2,8.3,-52.04,2022,Defense,
20.0,Cleveland Browns,17.0,381.0,5631.0,1041.0,5.4,20.0,9.0,329.0,315.0,519.0,3336.0,20.0,11.0,6.0,166.0,488.0,2295.0,22.0,4.7,129.0,88.0,714.0,34.0,38.5,10.2,-57.92,2022,Defense,
21.0,Los Angeles Chargers,17.0,384.0,5884.0,1002.0,5.9,24.0,10.0,318.0,310.0,505.0,3406.0,24.0,14.0,6.2,175.0,457.0,2478.0,17.0,5.4,119.0,80.0,762.0,24.0,37.2,11.2,-84.56,2022,Defense,
22.0,Los Angeles Rams,17.0,384.0,5798.0,1049.0,5.5,22.0,6.0,331.0,375.0,556.0,3842.0,23.0,16.0,6.5,203.0,455.0,1956.0,12.0,4.3,106.0,82.0,691.0,22.0,41.0,12.1,-75.59,2022,Defense,
23.0,Atlanta Falcons,17.0,386.0,6156.0,1082.0,5.7,17.0,7.0,351.0,372.0,561.0,3942.0,26.0,10.0,6.8,200.0,500.0,2214.0,15.0,4.4,136.0,100.0,804.0,15.0,43.5,10.0,-123.5,2022,Defense,
24.0,Miami Dolphins,17.0,399.0,5743.0,1086.0,5.3,14.0,6.0,336.0,416.0,624.0,3992.0,27.0,8.0,6.0,200.0,422.0,1751.0,15.0,4.1,98.0,84.0,799.0,38.0,37.5,7.6,-66.41,2022,Defense,
25.0,Seattle Seahawks,17.0,401.0,6149.0,1117.0,5.5,25.0,11.0,347.0,343.0,547.0,3595.0,23.0,14.0,6.1,188.0,525.0,2554.0,21.0,4.9,130.0,98.0,818.0,29.0,37.2,12.2,-113.17,2022,Defense,
26.0,Las Vegas Raiders,17.0,418.0,6216.0,1077.0,5.8,13.0,7.0,360.0,399.0,590.0,4129.0,25.0,6.0,6.7,206.0,460.0,2087.0,20.0,4.5,126.0,93.0,758.0,28.0,40.8,7.3,-132.08,2022,Defense,
27.0,Houston Texans,17.0,420.0,6452.0,1134.0,5.7,27.0,11.0,372.0,336.0,522.0,3558.0,15.0,16.0,6.3,196.0,573.0,2894.0,25.0,5.1,150.0,95.0,773.0,26.0,35.2,11.9,-80.38,2022,Defense,
28.0,Minnesota Vikings,17.0,427.0,6608.0,1118.0,5.9,25.0,10.0,359.0,408.0,617.0,4515.0,23.0,15.0,6.9,224.0,463.0,2093.0,18.0,4.5,113.0,111.0,926.0,22.0,41.1,12.0,-104.0,2022,Defense,
29.0,Detroit Lions,17.0,427.0,6670.0,1076.0,6.2,22.0,10.0,377.0,353.0,560.0,4179.0,26.0,12.0,7.0,209.0,477.0,2491.0,22.0,5.2,135.0,103.0,818.0,33.0,41.2,11.9,-159.66,2022,Defense,
30.0,Indianapolis Colts,17.0,427.0,5678.0,1092.0,5.2,21.0,11.0,344.0,365.0,537.0,3569.0,25.0,10.0,6.1,184.0,511.0,2109.0,20.0,4.1,127.0,89.0,725.0,33.0,36.0,10.2,-51.07,2022,Defense,
31.0,Arizona Cardinals,17.0,449.0,5931.0,1075.0,5.5,20.0,9.0,363.0,414.0,593.0,3915.0,29.0,11.0,6.2,218.0,446.0,2016.0,21.0,4.5,124.0,94.0,757.0,21.0,41.6,10.5,-81.73,2022,Defense,
32.0,Chicago Bears,17.0,463.0,6390.0,1043.0,6.1,23.0,9.0,361.0,323.0,481.0,3716.0,22.0,14.0,7.4,184.0,542.0,2674.0,31.0,4.9,151.0,84.0,647.0,26.0,41.8,11.9,-169.13,2022,Defense,
1.0,Dallas Cowboys,17.0,,6919.0,1153.0,6.0,20.0,9.0,390.0,444.0,647.0,4800.0,40.0,11.0,7.1,248.0,473.0,2119.0,15.0,4.5,111.0,127.0,1103.0,31.0,43.8,9.9,158.06,2021,Offense,530.0
2.0,Tampa Bay Buccaneers,17.0,,6901.0,1139.0,6.1,19.0,7.0,404.0,492.0,731.0,5229.0,43.0,12.0,6.9,273.0,385.0,1672.0,18.0,4.3,106.0,97.0,874.0,25.0,44.3,9.8,216.14,2021,Offense,511.0
3.0,Buffalo Bills,17.0,,6493.0,1143.0,5.7,22.0,6.0,398.0,415.0,655.0,4284.0,36.0,16.0,6.3,236.0,461.0,2209.0,20.0,4.8,134.0,113.0,980.0,28.0,45.2,11.3,216.68,2021,Offense,483.0
4.0,Kansas City Chiefs,17.0,,6746.0,1134.0,5.9,25.0,12.0,419.0,448.0,675.0,4791.0,37.0,13.0,6.8,267.0,431.0,1955.0,16.0,4.5,119.0,111.0,925.0,33.0,48.2,13.7,261.77,2021,Offense,480.0
5.0,Los Angeles Chargers,17.0,,6634.0,1128.0,5.9,22.0,7.0,401.0,443.0,674.0,4800.0,38.0,15.0,6.8,256.0,423.0,1834.0,18.0,4.3,112.0,116.0,1033.0,33.0,45.7,12.0,164.91,2021,Offense,474.0
6.0,New England Patriots,17.0,,6008.0,1052.0,5.7,23.0,10.0,362.0,364.0,535.0,3857.0,24.0,13.0,6.9,187.0,489.0,2151.0,24.0,4.4,139.0,95.0,854.0,36.0,48.0,12.6,126.97,2021,Offense,462.0
7.0,Cincinnati Bengals,17.0,,6145.0,1046.0,5.9,21.0,7.0,337.0,384.0,555.0,4403.0,36.0,14.0,7.2,208.0,436.0,1742.0,16.0,4.0,96.0,72.0,620.0,33.0,42.6,10.0,118.5,2021,Offense,460.0
8.0,Los Angeles Rams,17.0,,6325.0,1058.0,6.0,23.0,5.0,355.0,406.0,607.0,4642.0,41.0,18.0,7.3,233.0,420.0,1683.0,10.0,4.0,99.0,76.0,637.0,23.0,45.9,12.2,161.53,2021,Offense,460.0
9.0,Indianapolis Colts,17.0,,5901.0,1052.0,5.6,19.0,11.0,354.0,324.0,521.0,3361.0,27.0,8.0,6.1,167.0,499.0,2540.0,22.0,5.1,154.0,76.0,688.0,33.0,43.3,8.9,127.06,2021,Offense,451.0
10.0,Green Bay Packers,17.0,,6215.0,1072.0,5.8,13.0,6.0,375.0,402.0,593.0,4315.0,39.0,7.0,6.9,235.0,446.0,1900.0,13.0,4.3,109.0,69.0,678.0,31.0,44.5,6.4,180.42,2021,Offense,450.0
11.0,Arizona Cardinals,17.0,,6352.0,1126.0,5.6,15.0,4.0,367.0,415.0,591.0,4276.0,27.0,11.0,6.8,214.0,496.0,2076.0,23.0,4.2,127.0,114.0,990.0,26.0,44.7,7.8,119.94,2021,Offense,449.0
12.0,Philadelphia Eagles,17.0,,6119.0,1075.0,5.7,16.0,6.0,352.0,307.0,494.0,3404.0,20.0,10.0,6.5,167.0,550.0,2715.0,25.0,4.9,163.0,107.0,842.0,22.0,43.4,9.2,113.05,2021,Offense,444.0
13.0,San Francisco 49ers,17.0,,6387.0,1046.0,6.1,24.0,10.0,361.0,343.0,514.0,4221.0,26.0,14.0,7.7,200.0,499.0,2166.0,22.0,4.3,130.0,102.0,1066.0,31.0,41.2,11.5,130.03,2021,Offense,427.0
14.0,Minnesota Vikings,17.0,,6168.0,1083.0,5.7,13.0,6.0,332.0,398.0,604.0,4238.0,34.0,7.0,6.7,202.0,449.0,1930.0,10.0,4.3,103.0,111.0,1043.0,27.0,39.3,6.6,72.05,2021,Offense,425.0
15.0,Tennessee Titans,17.0,,5822.0,1133.0,5.1,25.0,11.0,362.0,359.0,535.0,3418.0,22.0,14.0,5.9,194.0,551.0,2404.0,23.0,4.4,134.0,103.0,973.0,34.0,38.9,13.0,79.19,2021,Offense,419.0
16.0,Seattle Seahawks,17.0,,5506.0,954.0,5.8,13.0,6.0,302.0,324.0,495.0,3432.0,30.0,7.0,6.3,166.0,413.0,2074.0,18.0,5.0,106.0,97.0,803.0,30.0,34.8,7.0,101.56,2021,Offense,395.0
17.0,Baltimore Ravens,17.0,,6440.0,1185.0,5.4,26.0,8.0,394.0,396.0,611.0,3961.0,21.0,18.0,5.9,209.0,517.0,2479.0,18.0,4.8,159.0,102.0,852.0,26.0,38.5,13.3,59.67,2021,Offense,387.0
18.0,Las Vegas Raiders,17.0,,6184.0,1082.0,5.7,24.0,10.0,349.0,429.0,628.0,4567.0,23.0,14.0,6.8,217.0,414.0,1617.0,14.0,3.9,95.0,124.0,1104.0,37.0,41.0,12.8,77.89,2021,Offense,374.0
19.0,New Orleans Saints,17.0,,5177.0,1051.0,4.9,18.0,5.0,307.0,293.0,504.0,3186.0,29.0,13.0,5.9,165.0,510.0,1991.0,12.0,3.9,113.0,98.0,811.0,29.0,33.7,8.7,-11.97,2021,Offense,364.0
20.0,Cleveland Browns,17.0,,5791.0,1054.0,5.5,22.0,8.0,342.0,320.0,520.0,3320.0,21.0,14.0,5.8,177.0,485.0,2471.0,20.0,5.1,138.0,112.0,1035.0,27.0,32.2,12.4,58.49,2021,Offense,349.0
21.0,Pittsburgh Steelers,17.0,,5361.0,1113.0,4.8,20.0,9.0,323.0,425.0,664.0,3778.0,23.0,11.0,5.4,204.0,411.0,1583.0,10.0,3.9,85.0,106.0,831.0,34.0,34.7,9.5,-14.49,2021,Offense,343.0
22.0,Miami Dolphins,17.0,,5219.0,1097.0,4.8,26.0,12.0,325.0,404.0,615.0,3651.0,21.0,14.0,5.6,206.0,442.0,1568.0,12.0,3.5,87.0,105.0,825.0,32.0,30.1,12.4,-11.96,2021,Offense,341.0
23.0,Denver Broncos,17.0,,5618.0,1036.0,5.4,18.0,9.0,331.0,354.0,541.0,3593.0,20.0,9.0,6.2,179.0,455.0,2025.0,16.0,4.5,124.0,83.0,711.0,28.0,36.9,9.5,61.32,2021,Offense,335.0
24.0,Washington Football Team,17.0,,5502.0,1070.0,5.1,24.0,9.0,345.0,356.0,550.0,3441.0,21.0,15.0,5.8,181.0,477.0,2061.0,13.0,4.3,129.0,82.0,743.0,35.0,34.6,13.4,15.8,2021,Offense,335.0
25.0,Detroit Lions,17.0,,5484.0,1056.0,5.2,23.0,9.0,329.0,396.0,593.0,3598.0,23.0,14.0,5.7,193.0,427.0,1886.0,12.0,4.4,104.0,105.0,824.0,32.0,34.3,12.9,6.87,2021,Offense,325.0
26.0,Atlanta Falcons,17.0,,5164.0,1006.0,5.1,26.0,11.0,306.0,377.0,573.0,3713.0,20.0,15.0,6.1,196.0,393.0,1451.0,11.0,3.7,75.0,92.0,753.0,35.0,32.8,14.7,-18.38,2021,Offense,313.0
27.0,Chicago Bears,17.0,,5225.0,1075.0,4.9,29.0,9.0,333.0,332.0,542.0,3207.0,16.0,20.0,5.3,180.0,475.0,2018.0,14.0,4.2,119.0,106.0,919.0,34.0,31.5,15.2,-40.89,2021,Offense,311.0
28.0,New York Jets,17.0,,5208.0,1036.0,5.0,27.0,7.0,310.0,357.0,603.0,3541.0,20.0,20.0,5.4,195.0,380.0,1667.0,14.0,4.4,87.0,103.0,860.0,28.0,29.4,14.4,-32.71,2021,Offense,310.0
29.0,Carolina Panthers,17.0,,5081.0,1106.0,4.6,29.0,8.0,322.0,348.0,599.0,3239.0,14.0,21.0,5.0,174.0,455.0,1842.0,17.0,4.0,118.0,107.0,864.0,30.0,29.2,14.9,-92.1,2021,Offense,304.0
30.0,Houston Texans,17.0,,4727.0,1010.0,4.7,22.0,7.0,266.0,354.0,546.0,3305.0,21.0,15.0,5.6,162.0,420.0,1422.0,8.0,3.4,77.0,114.0,978.0,27.0,26.6,11.2,-74.29,2021,Offense,280.0
31.0,New York Giants,17.0,,4884.0,1050.0,4.7,30.0,10.0,299.0,351.0,593.0,3196.0,15.0,20.0,5.1,171.0,419.0,1688.0,8.0,4.0,90.0,88.0,674.0,38.0,27.5,15.9,-100.13,2021,Offense,258.0
32.0,Jacksonville Jaguars,17.0,,5191.0,1028.0,5.0,29.0,12.0,304.0,361.0,604.0,3436.0,12.0,17.0,5.4,178.0,392.0,1755.0,13.0,4.5,92.0,104.0,856.0,34.0,26.4,15.7,-42.52,2021,Offense,253.0
1.0,Detroit Lions,17.0,,6962.0,1118.0,6.2,15.0,3.0,410.0,399.0,551.0,4474.0,39.0,12.0,7.7,242.0,534.0,2488.0,29.0,4.7,144.0,107.0,988.0,24.0,51.6,8.2,269.8,2024,Offense,564.0
2.0,Buffalo Bills,17.0,,6105.0,1025.0,6.0,8.0,2.0,360.0,329.0,520.0,3875.0,30.0,6.0,7.3,181.0,491.0,2230.0,32.0,4.5,140.0,112.0,833.0,39.0,49.7,4.6,266.71,2024,Offense,525.0
3.0,Baltimore Ravens,17.0,,7224.0,1055.0,6.8,11.0,7.0,393.0,318.0,477.0,4035.0,41.0,4.0,8.1,199.0,554.0,3189.0,21.0,5.8,164.0,132.0,1120.0,30.0,47.0,6.1,300.81,2024,Offense,518.0
4.0,Tampa Bay Buccaneers,17.0,,6793.0,1094.0,6.2,23.0,7.0,395.0,408.0,571.0,4257.0,41.0,16.0,7.0,224.0,483.0,2536.0,16.0,5.3,137.0,108.0,839.0,34.0,48.1,12.7,207.09,2024,Offense,502.0
5.0,Washington Commanders,17.0,,6284.0,1101.0,5.7,16.0,7.0,380.0,365.0,525.0,3665.0,29.0,9.0,6.4,192.0,526.0,2619.0,25.0,5.0,154.0,111.0,960.0,34.0,50.0,8.0,242.98,2024,Offense,485.0
6.0,Cincinnati Bengals,17.0,,6214.0,1080.0,5.8,22.0,13.0,376.0,460.0,652.0,4640.0,43.0,9.0,6.6,253.0,380.0,1574.0,11.0,4.1,88.0,101.0,780.0,35.0,43.6,10.5,150.85,2024,Offense,472.0
7.0,Philadelphia Eagles,17.0,,6242.0,1114.0,5.6,15.0,9.0,360.0,303.0,448.0,3194.0,24.0,6.0,6.5,168.0,621.0,3048.0,29.0,4.9,164.0,103.0,793.0,28.0,44.5,6.6,202.72,2024,Offense,463.0
8.0,Green Bay Packers,17.0,,6303.0,1027.0,6.1,19.0,8.0,343.0,308.0,479.0,3807.0,28.0,11.0,7.6,171.0,526.0,2496.0,23.0,4.7,142.0,112.0,836.0,30.0,45.9,9.9,138.96,2024,Offense,460.0
9.0,Minnesota Vikings,17.0,,5898.0,1054.0,5.6,21.0,9.0,353.0,364.0,548.0,4043.0,35.0,12.0,6.8,210.0,457.0,1855.0,9.0,4.1,100.0,110.0,845.0,43.0,41.4,10.5,70.97,2024,Offense,432.0
10.0,Denver Broncos,17.0,,5518.0,1055.0,5.2,19.0,7.0,315.0,379.0,570.0,3610.0,30.0,12.0,6.1,172.0,461.0,1908.0,12.0,4.1,124.0,108.0,941.0,19.0,38.4,10.0,48.21,2024,Offense,425.0
11.0,Los Angeles Chargers,17.0,,5511.0,1017.0,5.4,9.0,6.0,316.0,336.0,510.0,3629.0,23.0,3.0,6.6,176.0,463.0,1882.0,17.0,4.1,110.0,96.0,718.0,30.0,42.9,4.4,83.28,2024,Offense,402.0
12.0,Arizona Cardinals,17.0,,6090.0,1036.0,5.9,20.0,9.0,356.0,374.0,543.0,3639.0,21.0,11.0,6.4,191.0,463.0,2451.0,18.0,5.3,136.0,92.0,806.0,29.0,44.6,11.9,132.27,2024,Offense,400.0
13.0,Atlanta Falcons,17.0,,6287.0,1086.0,5.8,24.0,5.0,359.0,364.0,559.0,4068.0,21.0,19.0,6.9,198.0,495.0,2219.0,18.0,4.5,133.0,99.0,828.0,28.0,39.6,13.6,99.63,2024,Offense,389.0
14.0,San Francisco 49ers,17.0,,6397.0,1026.0,6.2,27.0,11.0,352.0,349.0,533.0,4234.0,23.0,16.0,7.4,204.0,457.0,2163.0,17.0,4.7,120.0,111.0,843.0,28.0,41.7,13.7,115.77,2024,Offense,389.0
15.0,Kansas City Chiefs,17.0,,5570.0,1091.0,5.1,14.0,3.0,350.0,404.0,600.0,3780.0,26.0,11.0,5.9,219.0,450.0,1790.0,15.0,4.0,106.0,94.0,829.0,25.0,43.2,8.3,113.11,2024,Offense,385.0
16.0,Pittsburgh Steelers,17.0,,5430.0,1081.0,5.0,17.0,11.0,318.0,321.0,499.0,3264.0,21.0,6.0,6.0,158.0,533.0,2166.0,14.0,4.1,122.0,102.0,823.0,38.0,39.6,8.6,13.94,2024,Offense,380.0
17.0,Indianapolis Colts,17.0,,5692.0,1041.0,5.5,29.0,10.0,315.0,289.0,513.0,3361.0,20.0,19.0,6.2,161.0,496.0,2331.0,20.0,4.7,130.0,93.0,684.0,24.0,36.6,14.9,12.49,2024,Offense,377.0
18.0,Seattle Seahawks,17.0,,5647.0,1030.0,5.5,24.0,8.0,329.0,413.0,593.0,4020.0,21.0,16.0,6.2,211.0,383.0,1627.0,17.0,4.2,88.0,119.0,987.0,30.0,35.2,9.9,26.6,2024,Offense,375.0
19.0,Houston Texans,17.0,,5435.0,1058.0,5.1,19.0,7.0,308.0,357.0,570.0,3526.0,20.0,12.0,5.7,197.0,434.0,1909.0,15.0,4.4,89.0,119.0,981.0,22.0,36.8,9.3,11.46,2024,Offense,372.0
20.0,Los Angeles Rams,17.0,,5633.0,1040.0,5.4,14.0,5.0,342.0,367.0,559.0,3868.0,22.0,9.0,6.6,192.0,450.0,1765.0,15.0,3.9,119.0,91.0,798.0,31.0,39.1,8.3,87.14,2024,Offense,367.0
21.0,Dallas Cowboys,17.0,,5567.0,1104.0,5.0,28.0,14.0,327.0,398.0,637.0,3862.0,23.0,14.0,5.7,192.0,429.0,1705.0,6.0,4.0,98.0,128.0,921.0,37.0,36.5,14.3,-42.28,2024,Offense,350.0
22.0,Miami Dolphins,17.0,,5532.0,1082.0,5.1,21.0,11.0,344.0,413.0,591.0,3737.0,22.0,10.0,5.9,221.0,448.0,1795.0,12.0,4.0,90.0,114.0,926.0,33.0,39.0,11.0,0.06,2024,Offense,345.0
23.0,Carolina Panthers,17.0,,5066.0,993.0,5.1,22.0,7.0,293.0,341.0,547.0,3188.0,22.0,15.0,5.5,168.0,410.0,1878.0,18.0,4.6,99.0,118.0,947.0,26.0,33.3,11.8,-9.53,2024,Offense,341.0
24.0,New Orleans Saints,17.0,,5442.0,1032.0,5.3,19.0,7.0,304.0,340.0,551.0,3488.0,21.0,12.0,5.9,167.0,444.0,1954.0,15.0,4.4,111.0,110.0,1003.0,26.0,34.8,9.4,14.68,2024,Offense,338.0
25.0,New York Jets,17.0,,5275.0,1010.0,5.2,19.0,8.0,314.0,385.0,607.0,3714.0,31.0,11.0,5.7,201.0,363.0,1561.0,8.0,4.3,83.0,137.0,1134.0,30.0,34.1,10.4,28.95,2024,Offense,338.0
26.0,Jacksonville Jaguars,17.0,,5206.0,992.0,5.2,24.0,9.0,298.0,343.0,546.0,3477.0,19.0,15.0,6.0,174.0,414.0,1729.0,13.0,4.2,106.0,99.0,787.0,18.0,33.3,13.0,13.88,2024,Offense,320.0
27.0,Tennessee Titans,17.0,,5172.0,1032.0,5.0,34.0,13.0,309.0,336.0,530.0,3317.0,22.0,21.0,5.7,164.0,450.0,1855.0,11.0,4.1,112.0,132.0,1030.0,33.0,30.4,16.8,-62.07,2024,Offense,311.0
28.0,Chicago Bears,17.0,,4820.0,1065.0,4.5,16.0,9.0,296.0,353.0,566.0,3086.0,20.0,7.0,4.9,172.0,431.0,1734.0,13.0,4.0,97.0,110.0,867.0,27.0,29.8,7.7,-43.48,2024,Offense,310.0
29.0,Las Vegas Raiders,17.0,,5154.0,1065.0,4.8,29.0,13.0,310.0,410.0,635.0,3797.0,19.0,16.0,5.5,209.0,380.0,1357.0,10.0,3.6,78.0,96.0,807.0,23.0,33.0,15.2,-76.31,2024,Offense,309.0
30.0,New England Patriots,17.0,,4964.0,1027.0,4.8,23.0,12.0,301.0,342.0,529.0,2995.0,18.0,11.0,5.2,167.0,446.0,1969.0,11.0,4.4,101.0,111.0,916.0,33.0,30.9,12.9,-38.96,2024,Offense,289.0
31.0,New York Giants,17.0,,5011.0,1063.0,4.7,23.0,10.0,301.0,366.0,591.0,3228.0,15.0,13.0,5.1,170.0,424.0,1783.0,13.0,4.2,104.0,112.0,928.0,27.0,27.9,12.0,-82.92,2024,Offense,273.0
32.0,Cleveland Browns,17.0,,5114.0,1118.0,4.6,34.0,11.0,303.0,395.0,661.0,3506.0,19.0,23.0,4.8,180.0,391.0,1608.0,8.0,4.1,93.0,119.0,915.0,30.0,22.4,15.9,-161.38,2024,Offense,258.0
1.0,Los Angeles Rams,16.0,296.0,4511.0,989.0,4.6,22.0,8.0,280.0,347.0,548.0,3051.0,17.0,14.0,5.1,170.0,388.0,1460.0,12.0,3.8,91.0,78.0,582.0,19.0,27.9,12.0,85.89,2020,Defense,
2.0,Baltimore Ravens,16.0,303.0,5276.0,1017.0,5.2,22.0,12.0,347.0,380.0,596.0,3536.0,22.0,10.0,5.6,213.0,382.0,1740.0,12.0,4.6,96.0,77.0,646.0,38.0,30.0,12.4,-17.69,2020,Defense,
3.0,Pittsburgh Steelers,16.0,312.0,4893.0,996.0,4.9,27.0,9.0,281.0,298.0,526.0,3110.0,22.0,18.0,5.3,163.0,414.0,1783.0,13.0,4.3,94.0,103.0,980.0,24.0,29.3,13.8,33.24,2020,Defense,
4.0,Washington Football Team,16.0,329.0,4873.0,1004.0,4.9,23.0,7.0,289.0,330.0,529.0,3068.0,21.0,16.0,5.3,161.0,428.0,1805.0,14.0,4.2,100.0,85.0,708.0,28.0,31.4,12.2,32.51,2020,Defense,
5.0,New Orleans Saints,16.0,337.0,4974.0,992.0,5.0,26.0,8.0,320.0,333.0,557.0,3472.0,28.0,18.0,5.8,185.0,390.0,1502.0,11.0,3.9,85.0,64.0,517.0,50.0,34.7,13.1,-40.02,2020,Defense,
6.0,Miami Dolphins,16.0,338.0,5886.0,998.0,5.9,29.0,11.0,336.0,343.0,545.0,4024.0,21.0,18.0,6.9,193.0,412.0,1862.0,17.0,4.5,113.0,85.0,805.0,30.0,30.7,15.6,-36.43,2020,Defense,
7.0,New England Patriots,16.0,353.0,5660.0,982.0,5.8,22.0,4.0,339.0,333.0,494.0,3557.0,22.0,18.0,6.9,187.0,464.0,2103.0,17.0,4.5,131.0,82.0,639.0,21.0,38.9,14.0,-113.1,2020,Defense,
8.0,Tampa Bay Buccaneers,16.0,355.0,5234.0,1023.0,5.1,25.0,10.0,319.0,426.0,617.0,3945.0,29.0,15.0,5.9,215.0,358.0,1289.0,10.0,3.6,78.0,95.0,1015.0,26.0,33.7,14.0,-22.04,2020,Defense,
9.0,New York Giants,16.0,357.0,5589.0,1046.0,5.3,22.0,11.0,353.0,388.0,574.0,3807.0,22.0,11.0,6.2,215.0,432.0,1782.0,14.0,4.1,115.0,88.0,681.0,23.0,41.5,12.2,-66.94,2020,Defense,
10.0,Indianapolis Colts,16.0,362.0,5314.0,992.0,5.4,25.0,10.0,329.0,369.0,562.0,3866.0,24.0,15.0,6.4,203.0,390.0,1448.0,16.0,3.7,94.0,86.0,755.0,32.0,35.1,14.3,-75.62,2020,Defense,
11.0,Kansas City Chiefs,16.0,362.0,5733.0,1022.0,5.6,22.0,6.0,353.0,349.0,557.0,3779.0,29.0,16.0,6.4,202.0,433.0,1954.0,14.0,4.5,113.0,97.0,760.0,38.0,36.1,13.0,-127.89,2020,Defense,
12.0,Arizona Cardinals,16.0,367.0,5631.0,1054.0,5.3,21.0,10.0,363.0,365.0,570.0,3623.0,26.0,11.0,5.9,207.0,436.0,2008.0,13.0,4.6,118.0,104.0,841.0,38.0,37.2,10.5,-82.04,2020,Defense,
13.0,Green Bay Packers,16.0,369.0,5344.0,974.0,5.5,18.0,7.0,332.0,346.0,536.0,3539.0,23.0,11.0,6.1,184.0,397.0,1805.0,16.0,4.5,119.0,79.0,734.0,29.0,39.9,11.4,-109.67,2020,Defense,
14.0,Chicago Bears,16.0,370.0,5519.0,1020.0,5.4,18.0,8.0,331.0,350.0,547.0,3705.0,28.0,10.0,6.4,190.0,438.0,1814.0,11.0,4.1,104.0,95.0,861.0,37.0,38.0,8.9,-90.3,2020,Defense,
15.0,Seattle Seahawks,16.0,371.0,6089.0,1112.0,5.5,22.0,8.0,376.0,450.0,674.0,4560.0,23.0,14.0,6.3,253.0,392.0,1529.0,18.0,3.9,97.0,94.0,803.0,26.0,40.0,12.0,-85.81,2020,Defense,
16.0,Buffalo Bills,16.0,375.0,5640.0,1025.0,5.5,26.0,11.0,351.0,369.0,573.0,3726.0,23.0,15.0,6.1,199.0,414.0,1914.0,21.0,4.6,125.0,86.0,728.0,27.0,39.4,15.3,-123.1,2020,Defense,
17.0,San Francisco 49ers,16.0,390.0,5030.0,997.0,5.0,20.0,8.0,311.0,341.0,537.0,3327.0,25.0,12.0,5.9,176.0,430.0,1703.0,12.0,4.0,102.0,79.0,709.0,33.0,38.3,10.4,-16.82,2020,Defense,
18.0,Carolina Panthers,16.0,402.0,5761.0,1022.0,5.6,22.0,15.0,360.0,398.0,585.0,3825.0,28.0,7.0,6.2,211.0,408.0,1936.0,17.0,4.7,114.0,85.0,713.0,35.0,46.0,12.4,-125.54,2020,Defense,
19.0,Atlanta Falcons,16.0,414.0,6374.0,1034.0,6.2,21.0,9.0,367.0,425.0,625.0,4697.0,34.0,12.0,7.2,239.0,380.0,1677.0,15.0,4.4,97.0,91.0,800.0,31.0,42.0,12.1,-148.58,2020,Defense,
20.0,Philadelphia Eagles,16.0,418.0,5810.0,1060.0,5.5,19.0,11.0,340.0,364.0,530.0,3798.0,27.0,8.0,6.6,209.0,481.0,2012.0,20.0,4.2,98.0,112.0,1036.0,33.0,37.8,9.2,-71.06,2020,Defense,
21.0,Cleveland Browns,16.0,419.0,5735.0,1035.0,5.5,21.0,10.0,352.0,371.0,585.0,3962.0,31.0,11.0,6.4,214.0,412.0,1773.0,16.0,4.3,116.0,84.0,690.0,22.0,43.0,12.7,-150.42,2020,Defense,
22.0,Cincinnati Bengals,16.0,424.0,6227.0,1021.0,6.1,17.0,6.0,343.0,340.0,541.0,3859.0,32.0,11.0,6.9,192.0,463.0,2368.0,13.0,5.1,126.0,99.0,795.0,25.0,43.3,9.4,-142.2,2020,Defense,
23.0,Los Angeles Chargers,16.0,426.0,5495.0,997.0,5.5,19.0,7.0,324.0,340.0,543.0,3578.0,29.0,12.0,6.3,186.0,427.0,1917.0,17.0,4.5,112.0,94.0,869.0,26.0,43.5,10.0,-89.82,2020,Defense,
24.0,Tennessee Titans,16.0,439.0,6372.0,1076.0,5.9,23.0,8.0,391.0,423.0,630.0,4439.0,36.0,15.0,6.8,247.0,427.0,1933.0,18.0,4.5,113.0,103.0,840.0,31.0,45.2,13.3,-185.2,2020,Defense,
25.0,Denver Broncos,16.0,446.0,5887.0,1043.0,5.6,16.0,6.0,333.0,374.0,567.0,3807.0,21.0,10.0,6.3,201.0,434.0,2080.0,22.0,4.8,106.0,106.0,952.0,26.0,44.6,8.2,-92.82,2020,Defense,
26.0,New York Jets,16.0,457.0,6201.0,1081.0,5.7,19.0,9.0,381.0,418.0,605.0,4409.0,34.0,10.0,6.9,235.0,445.0,1792.0,16.0,4.0,100.0,99.0,899.0,46.0,44.6,10.7,-169.15,2020,Defense,
27.0,Houston Texans,16.0,464.0,6668.0,1068.0,6.2,9.0,6.0,390.0,377.0,541.0,4104.0,30.0,3.0,7.1,222.0,493.0,2564.0,24.0,5.2,145.0,76.0,678.0,23.0,47.0,5.4,-242.84,2020,Defense,
28.0,Dallas Cowboys,16.0,473.0,6183.0,1054.0,5.9,23.0,13.0,359.0,328.0,513.0,3642.0,34.0,10.0,6.7,180.0,510.0,2541.0,20.0,5.0,142.0,91.0,733.0,37.0,43.1,12.2,-141.7,2020,Defense,
29.0,Minnesota Vikings,16.0,475.0,6292.0,1036.0,6.1,22.0,7.0,366.0,358.0,541.0,4141.0,30.0,15.0,7.3,208.0,472.0,2151.0,19.0,4.6,136.0,83.0,723.0,22.0,50.0,10.7,-180.29,2020,Defense,
30.0,Las Vegas Raiders,16.0,478.0,6225.0,1039.0,6.0,15.0,5.0,381.0,370.0,580.0,4212.0,28.0,10.0,7.0,223.0,438.0,2013.0,24.0,4.6,114.0,95.0,915.0,44.0,50.3,8.4,-211.22,2020,Defense,
31.0,Jacksonville Jaguars,16.0,492.0,6683.0,1068.0,6.3,17.0,5.0,394.0,370.0,533.0,4231.0,34.0,12.0,7.7,210.0,517.0,2452.0,23.0,4.7,140.0,78.0,710.0,44.0,47.8,9.2,-228.53,2020,Defense,
32.0,Detroit Lions,16.0,519.0,6716.0,1068.0,6.3,12.0,5.0,415.0,383.0,557.0,4558.0,38.0,7.0,7.8,253.0,487.0,2158.0,27.0,4.4,127.0,103.0,797.0,35.0,47.9,7.1,-283.04,2020,Defense,
1.0,Baltimore Ravens,17.0,280.0,5123.0,1109.0,4.6,31.0,13.0,306.0,384.0,634.0,3263.0,18.0,18.0,4.7,175.0,415.0,1860.0,6.0,4.5,96.0,106.0,841.0,35.0,28.7,14.4,113.76,2023,Defense,
2.0,Kansas City Chiefs,17.0,294.0,4926.0,1045.0,4.7,17.0,9.0,300.0,340.0,556.0,3001.0,19.0,8.0,4.9,169.0,432.0,1925.0,10.0,4.5,107.0,73.0,604.0,24.0,28.5,9.5,35.54,2023,Defense,
3.0,San Francisco 49ers,17.0,298.0,5167.0,1038.0,5.0,28.0,6.0,319.0,410.0,621.0,3642.0,20.0,22.0,5.4,190.0,369.0,1525.0,10.0,4.1,97.0,94.0,762.0,32.0,33.9,15.5,-7.76,2023,Defense,
4.0,Buffalo Bills,17.0,311.0,5222.0,1015.0,5.1,30.0,12.0,313.0,363.0,552.0,3342.0,18.0,18.0,5.5,183.0,409.0,1880.0,14.0,4.6,96.0,99.0,753.0,34.0,32.0,16.0,5.71,2023,Defense,
5.0,Dallas Cowboys,17.0,315.0,5095.0,1014.0,5.0,26.0,9.0,311.0,308.0,509.0,3185.0,21.0,17.0,5.7,166.0,459.0,1910.0,14.0,4.2,108.0,104.0,934.0,37.0,32.0,14.6,4.29,2023,Defense,
6.0,Pittsburgh Steelers,17.0,324.0,5816.0,1074.0,5.4,27.0,11.0,311.0,348.0,573.0,3860.0,23.0,16.0,6.2,186.0,454.0,1956.0,9.0,4.3,95.0,90.0,741.0,30.0,33.7,14.2,-3.91,2023,Defense,
7.0,Tampa Bay Buccaneers,17.0,325.0,5852.0,1081.0,5.4,26.0,13.0,337.0,404.0,611.0,4232.0,23.0,13.0,6.4,213.0,422.0,1620.0,11.0,3.8,101.0,93.0,762.0,23.0,34.4,14.2,-29.99,2023,Defense,
8.0,New Orleans Saints,17.0,327.0,5562.0,1054.0,5.3,29.0,11.0,300.0,333.0,558.0,3524.0,22.0,18.0,6.0,167.0,462.0,2038.0,10.0,4.4,100.0,102.0,775.0,33.0,31.6,14.3,35.39,2023,Defense,
9.0,Las Vegas Raiders,17.0,331.0,5625.0,1089.0,5.2,22.0,9.0,330.0,376.0,564.0,3610.0,21.0,13.0,5.9,187.0,479.0,2015.0,15.0,4.2,117.0,96.0,861.0,26.0,33.0,11.4,-22.59,2023,Defense,
10.0,Green Bay Packers,17.0,350.0,5696.0,1061.0,5.4,18.0,11.0,340.0,342.0,523.0,3515.0,21.0,7.0,6.2,189.0,493.0,2181.0,15.0,4.4,120.0,95.0,907.0,31.0,38.7,9.8,-84.9,2023,Defense,
11.0,Houston Texans,17.0,353.0,5622.0,1079.0,5.2,24.0,10.0,332.0,382.0,565.0,3979.0,17.0,14.0,6.5,185.0,468.0,1643.0,19.0,3.5,110.0,100.0,805.0,37.0,34.7,11.1,-35.92,2023,Defense,
12.0,New York Jets,17.0,355.0,4969.0,1087.0,4.6,27.0,10.0,298.0,313.0,522.0,2861.0,19.0,17.0,5.0,150.0,517.0,2108.0,14.0,4.1,111.0,93.0,780.0,37.0,31.8,11.8,75.84,2023,Defense,
13.0,Minnesota Vikings,17.0,362.0,5664.0,1095.0,5.2,22.0,11.0,328.0,426.0,606.0,3986.0,23.0,11.0,6.1,208.0,446.0,1678.0,14.0,3.8,104.0,111.0,916.0,16.0,37.1,11.3,-37.62,2023,Defense,
14.0,Cleveland Browns,17.0,362.0,4593.0,1004.0,4.6,28.0,10.0,254.0,307.0,535.0,2800.0,23.0,18.0,4.8,136.0,420.0,1793.0,15.0,4.3,88.0,118.0,923.0,30.0,24.8,11.7,90.47,2023,Defense,
15.0,New England Patriots,17.0,366.0,5127.0,1091.0,4.7,18.0,8.0,305.0,370.0,575.0,3543.0,19.0,10.0,5.8,181.0,480.0,1584.0,14.0,3.3,100.0,75.0,544.0,24.0,31.5,7.9,25.44,2023,Defense,
16.0,Tennessee Titans,17.0,367.0,5697.0,1096.0,5.2,14.0,8.0,334.0,387.0,571.0,3866.0,20.0,6.0,6.3,189.0,480.0,1831.0,10.0,3.8,103.0,98.0,776.0,42.0,43.2,6.8,-69.25,2023,Defense,
17.0,Jacksonville Jaguars,17.0,371.0,5828.0,1078.0,5.4,27.0,11.0,314.0,404.0,617.0,4076.0,27.0,16.0,6.2,198.0,421.0,1752.0,15.0,4.2,99.0,108.0,961.0,17.0,32.3,12.8,-8.04,2023,Defense,
18.0,Atlanta Falcons,17.0,373.0,5458.0,1090.0,5.0,16.0,8.0,320.0,340.0,549.0,3449.0,24.0,8.0,5.8,183.0,499.0,2009.0,11.0,4.0,105.0,104.0,831.0,32.0,37.9,8.2,6.86,2023,Defense,
19.0,Los Angeles Rams,17.0,377.0,5744.0,1078.0,5.3,15.0,5.0,329.0,367.0,604.0,3928.0,24.0,10.0,6.1,193.0,433.0,1816.0,14.0,4.2,108.0,105.0,986.0,28.0,36.8,8.1,-64.62,2023,Defense,
20.0,Chicago Bears,17.0,379.0,5511.0,1035.0,5.3,28.0,6.0,307.0,410.0,617.0,4043.0,31.0,22.0,6.2,196.0,388.0,1468.0,8.0,3.8,88.0,72.0,530.0,23.0,34.2,14.7,-34.58,2023,Defense,
21.0,Cincinnati Bengals,17.0,384.0,6368.0,1055.0,6.0,26.0,9.0,351.0,364.0,555.0,4223.0,23.0,17.0,7.1,201.0,456.0,2145.0,17.0,4.7,127.0,92.0,784.0,23.0,38.5,13.4,-92.17,2023,Defense,
22.0,Miami Dolphins,17.0,391.0,5411.0,1057.0,5.1,27.0,12.0,321.0,380.0,568.0,3761.0,27.0,15.0,6.0,186.0,433.0,1650.0,15.0,3.8,109.0,96.0,719.0,26.0,32.1,13.9,-10.59,2023,Defense,
23.0,Detroit Lions,17.0,395.0,5714.0,1037.0,5.5,23.0,7.0,339.0,371.0,588.0,4205.0,28.0,16.0,6.7,209.0,408.0,1509.0,15.0,3.7,91.0,91.0,788.0,39.0,37.3,12.4,-110.17,2023,Defense,
24.0,Los Angeles Chargers,17.0,398.0,6170.0,1113.0,5.5,21.0,12.0,344.0,389.0,598.0,4246.0,26.0,9.0,6.6,203.0,467.0,1924.0,18.0,4.1,110.0,104.0,801.0,31.0,36.0,10.1,-92.65,2023,Defense,
25.0,Seattle Seahawks,17.0,402.0,6313.0,1147.0,5.5,19.0,8.0,380.0,390.0,585.0,3961.0,21.0,11.0,6.3,202.0,515.0,2352.0,24.0,4.6,143.0,103.0,824.0,35.0,40.4,10.4,-122.46,2023,Defense,
26.0,New York Giants,17.0,407.0,6149.0,1091.0,5.6,31.0,13.0,352.0,371.0,582.0,3898.0,21.0,18.0,6.3,191.0,475.0,2251.0,24.0,4.7,134.0,99.0,822.0,27.0,35.2,14.1,-37.29,2023,Defense,
27.0,Denver Broncos,17.0,413.0,6303.0,1083.0,5.8,26.0,15.0,349.0,382.0,572.0,3972.0,29.0,11.0,6.5,201.0,469.0,2331.0,15.0,5.0,119.0,99.0,965.0,29.0,40.2,13.0,-91.09,2023,Defense,
28.0,Indianapolis Colts,17.0,415.0,5947.0,1137.0,5.2,24.0,9.0,346.0,370.0,568.0,3842.0,21.0,15.0,6.2,192.0,518.0,2105.0,22.0,4.1,123.0,100.0,843.0,31.0,38.9,11.8,-38.18,2023,Defense,
29.0,Carolina Panthers,17.0,416.0,4997.0,1016.0,4.9,11.0,3.0,311.0,309.0,481.0,2916.0,19.0,8.0,5.7,162.0,508.0,2081.0,25.0,4.1,122.0,89.0,679.0,27.0,37.7,5.5,-56.65,2023,Defense,
30.0,Philadelphia Eagles,17.0,428.0,6054.0,1105.0,5.5,18.0,9.0,364.0,425.0,652.0,4296.0,35.0,9.0,6.2,222.0,410.0,1758.0,13.0,4.3,111.0,107.0,810.0,31.0,41.1,9.7,-121.62,2023,Defense,
31.0,Arizona Cardinals,17.0,455.0,6047.0,1060.0,5.7,17.0,6.0,369.0,347.0,506.0,3613.0,32.0,11.0,6.7,198.0,521.0,2434.0,19.0,4.7,141.0,92.0,765.0,30.0,44.0,8.6,-160.5,2023,Defense,
32.0,Washington Commanders,17.0,518.0,6612.0,1117.0,5.9,18.0,10.0,364.0,396.0,598.0,4457.0,39.0,8.0,7.0,218.0,480.0,2155.0,15.0,4.5,121.0,99.0,828.0,25.0,46.8,9.0,-148.31,2023,Defense,
1.0,Kansas City Chiefs,17.0,,7032.0,1094.0,6.4,23.0,11.0,408.0,435.0,651.0,5062.0,41.0,12.0,7.5,272.0,417.0,1970.0,18.0,4.7,105.0,87.0,838.0,31.0,46.4,10.1,281.0,2022,Offense,496.0
2.0,Philadelphia Eagles,17.0,,6614.0,1124.0,5.9,19.0,10.0,385.0,350.0,536.0,4105.0,25.0,9.0,7.1,195.0,544.0,2509.0,32.0,4.6,161.0,90.0,682.0,29.0,42.5,10.2,226.96,2022,Offense,477.0
3.0,Dallas Cowboys,17.0,,6034.0,1114.0,5.4,23.0,5.0,347.0,355.0,556.0,3736.0,28.0,18.0,6.4,194.0,531.0,2298.0,24.0,4.3,129.0,104.0,842.0,24.0,41.5,10.8,112.34,2022,Offense,467.0
4.0,Buffalo Bills,16.0,,6361.0,1037.0,6.1,27.0,13.0,367.0,361.0,574.0,4129.0,35.0,14.0,6.8,212.0,430.0,2232.0,15.0,5.2,128.0,92.0,709.0,27.0,45.0,15.2,157.46,2022,Offense,455.0
5.0,Detroit Lions,17.0,,6460.0,1092.0,5.9,15.0,8.0,376.0,383.0,588.0,4281.0,29.0,7.0,7.0,228.0,480.0,2179.0,23.0,4.5,114.0,90.0,773.0,34.0,43.2,8.0,162.04,2022,Offense,453.0
6.0,San Francisco 49ers,17.0,,6216.0,1047.0,5.9,17.0,8.0,347.0,338.0,512.0,3856.0,30.0,9.0,7.1,188.0,504.0,2360.0,20.0,4.7,132.0,94.0,730.0,27.0,41.4,9.1,161.29,2022,Offense,450.0
7.0,Minnesota Vikings,17.0,,6145.0,1123.0,5.5,23.0,8.0,382.0,448.0,672.0,4484.0,30.0,15.0,6.2,244.0,404.0,1661.0,18.0,4.1,93.0,88.0,684.0,45.0,36.0,11.7,89.64,2022,Offense,424.0
8.0,Cincinnati Bengals,16.0,,5768.0,1053.0,5.5,18.0,6.0,357.0,418.0,610.0,4240.0,35.0,12.0,6.5,221.0,399.0,1528.0,14.0,3.8,96.0,81.0,623.0,40.0,41.5,9.7,147.62,2022,Offense,418.0
9.0,Seattle Seahawks,17.0,,5976.0,1044.0,5.7,23.0,11.0,346.0,399.0,573.0,3934.0,30.0,12.0,6.4,206.0,425.0,2042.0,12.0,4.8,106.0,106.0,854.0,34.0,40.6,11.2,63.6,2022,Offense,407.0
10.0,Jacksonville Jaguars,17.0,,6075.0,1072.0,5.7,22.0,13.0,352.0,394.0,596.0,3959.0,25.0,9.0,6.3,208.0,448.0,2116.0,16.0,4.7,114.0,90.0,674.0,30.0,39.2,12.2,103.21,2022,Offense,404.0
11.0,Miami Dolphins,17.0,,6197.0,1009.0,6.1,21.0,6.0,342.0,368.0,584.0,4511.0,30.0,15.0,7.3,220.0,390.0,1686.0,12.0,4.3,93.0,111.0,881.0,29.0,38.8,11.8,79.06,2022,Offense,397.0
12.0,Las Vegas Raiders,17.0,,5993.0,1049.0,5.7,21.0,4.0,343.0,359.0,586.0,3934.0,28.0,17.0,6.3,193.0,428.0,2059.0,12.0,4.8,122.0,113.0,932.0,28.0,42.4,12.2,74.09,2022,Offense,395.0
13.0,Los Angeles Chargers,17.0,,6108.0,1154.0,5.3,19.0,9.0,352.0,485.0,711.0,4584.0,26.0,10.0,6.1,232.0,404.0,1524.0,15.0,3.8,93.0,81.0,635.0,27.0,38.1,9.5,75.75,2022,Offense,391.0
14.0,Green Bay Packers,17.0,,5745.0,1051.0,5.5,22.0,10.0,334.0,364.0,563.0,3632.0,27.0,12.0,6.1,186.0,456.0,2113.0,12.0,4.6,116.0,89.0,747.0,32.0,36.2,11.3,68.9,2022,Offense,370.0
15.0,Atlanta Falcons,17.0,,5417.0,1011.0,5.4,21.0,12.0,330.0,257.0,415.0,2699.0,17.0,9.0,6.0,148.0,559.0,2718.0,17.0,4.9,152.0,68.0,594.0,30.0,39.5,11.4,73.69,2022,Offense,365.0
16.0,New York Giants,17.0,,5676.0,1089.0,5.2,16.0,10.0,352.0,346.0,520.0,3157.0,17.0,6.0,5.5,170.0,520.0,2519.0,21.0,4.8,150.0,106.0,827.0,32.0,37.3,7.3,78.05,2022,Offense,365.0
17.0,New England Patriots,17.0,,5348.0,1006.0,5.3,23.0,9.0,288.0,358.0,540.0,3536.0,19.0,14.0,6.1,166.0,425.0,1812.0,12.0,4.3,98.0,104.0,841.0,24.0,32.8,12.0,-25.81,2022,Offense,364.0
18.0,Cleveland Browns,17.0,,5934.0,1116.0,5.3,21.0,9.0,350.0,335.0,540.0,3444.0,19.0,12.0,5.9,182.0,532.0,2490.0,19.0,4.7,142.0,102.0,865.0,26.0,34.6,11.2,58.03,2022,Offense,361.0
19.0,Baltimore Ravens,17.0,,5760.0,1052.0,5.5,21.0,8.0,337.0,300.0,488.0,3040.0,19.0,13.0,5.8,149.0,526.0,2720.0,14.0,5.2,167.0,82.0,678.0,21.0,38.9,11.7,48.17,2022,Offense,350.0
20.0,Carolina Panthers,17.0,,5206.0,976.0,5.3,21.0,8.0,281.0,267.0,457.0,2996.0,16.0,13.0,6.1,138.0,483.0,2210.0,16.0,4.6,119.0,104.0,862.0,24.0,35.3,9.6,-5.06,2022,Offense,347.0
21.0,Arizona Cardinals,17.0,,5499.0,1144.0,4.8,25.0,8.0,326.0,433.0,664.0,3626.0,17.0,17.0,5.1,189.0,434.0,1873.0,15.0,4.3,115.0,118.0,916.0,22.0,32.1,12.8,-36.27,2022,Offense,340.0
22.0,New Orleans Saints,17.0,,5674.0,1015.0,5.6,25.0,11.0,305.0,338.0,512.0,3692.0,24.0,14.0,6.7,181.0,465.0,1982.0,12.0,4.3,103.0,99.0,841.0,21.0,31.7,12.9,17.3,2022,Offense,330.0
23.0,Chicago Bears,17.0,,5233.0,993.0,5.3,25.0,10.0,278.0,223.0,377.0,2219.0,19.0,15.0,5.1,109.0,558.0,3014.0,18.0,5.4,148.0,80.0,754.0,21.0,34.3,12.7,-7.14,2022,Offense,326.0
24.0,Washington Commanders,17.0,,5615.0,1140.0,4.9,23.0,7.0,339.0,344.0,554.0,3472.0,24.0,16.0,5.8,184.0,538.0,2143.0,9.0,4.0,124.0,92.0,805.0,31.0,29.4,11.7,-24.27,2022,Offense,321.0
25.0,Tampa Bay Buccaneers,17.0,,5894.0,1159.0,5.1,22.0,12.0,346.0,499.0,751.0,4586.0,26.0,10.0,5.9,240.0,386.0,1308.0,5.0,3.4,79.0,99.0,793.0,27.0,32.0,10.3,1.03,2022,Offense,313.0
26.0,Pittsburgh Steelers,17.0,,5484.0,1109.0,4.9,19.0,5.0,345.0,364.0,571.0,3411.0,12.0,14.0,5.6,189.0,500.0,2073.0,16.0,4.1,129.0,94.0,711.0,27.0,35.0,9.6,42.17,2022,Offense,308.0
27.0,Los Angeles Rams,17.0,,4769.0,1001.0,4.8,23.0,8.0,293.0,347.0,531.0,3108.0,16.0,15.0,5.3,181.0,411.0,1661.0,15.0,4.0,89.0,76.0,655.0,23.0,33.5,13.1,-7.51,2022,Offense,307.0
28.0,Tennessee Titans,17.0,,5045.0,992.0,5.1,23.0,12.0,277.0,285.0,456.0,2914.0,16.0,11.0,5.8,153.0,487.0,2131.0,16.0,4.4,104.0,111.0,956.0,20.0,27.9,10.5,-27.22,2022,Offense,298.0
29.0,New York Jets,17.0,,5409.0,1074.0,5.0,23.0,9.0,294.0,357.0,627.0,3723.0,15.0,14.0,5.6,191.0,405.0,1686.0,13.0,4.2,79.0,91.0,866.0,24.0,29.9,11.9,-47.59,2022,Offense,296.0
30.0,Houston Texans,17.0,,4820.0,1015.0,4.7,28.0,9.0,277.0,352.0,579.0,3344.0,20.0,19.0,5.4,159.0,398.0,1476.0,7.0,3.7,90.0,88.0,644.0,28.0,28.8,13.6,-120.59,2022,Offense,289.0
31.0,Indianapolis Colts,17.0,,5298.0,1103.0,4.8,34.0,14.0,310.0,398.0,604.0,3432.0,17.0,20.0,5.2,193.0,439.0,1866.0,8.0,4.3,91.0,89.0,794.0,26.0,29.2,16.9,-110.46,2022,Offense,289.0
32.0,Denver Broncos,17.0,,5527.0,1078.0,5.1,24.0,9.0,300.0,345.0,571.0,3592.0,18.0,15.0,5.7,166.0,444.0,1935.0,11.0,4.4,105.0,113.0,970.0,29.0,28.6,10.6,-41.62,2022,Offense,287.0
